id,name,botname,familie,standort,boden,farbe,bluetezeit,wuchshoehe,abstand,pflege,schaedlinge,vermehrung,winterhaerte,bienenfreund,giftigkeit,roteliste;;
"0,Acker-Hellerkraut,Thlapsi arvense,Kreuzblütler (Brassicaceae),""Sonne, Halbschatten"",""Humusreich-lehmig, stickstoffreich"",Weiß,Mai-Juli,10-40 cm,25 cm,Keine,Raupen,(Selbst-)Aussaat,Nein,Nein,Nein,Nicht gefährdet";;
"1,Akelei,Aquilegia vulgaris,Hahnenfußgewächse (Ranunculaceae),""Sonne, Halbschatten"",""Durchlässig, nährstoffreich, feucht"",""Blau, rosa"",April-Juni,60 cm,20-30 cm,Blütenstand abschneiden und düngen,""Akelei-Blattwespe, Blattläuse, Echter Mehltau"",(Selbst-)Aussaat,Ja,Ja,Ja,Nicht gefährdet";;
"2,Anemone,Anemone,Hahnenfußgewächse (Ranunculaceae),""Sonne, Halbschatten"",""Durchlässig, locker, leicht sauer"",Sortenabhängig,Sortenabhängig,30-40 cm,40-80 cm,Verblühtes abschneiden,""Blattläuse, Schnecken, Nematoden, Mehltau"",""Teilung, Aussaat"",Bedingt,Ja,Ja,Nicht heimisch";;
"3,Apfel,Malus domesticus,Rosengewächse (Rosaceae),Sonne,""Nährstoffreich, tiefgründig"",Weiß-rosa,April-Mai,400-1000 cm,500-1000 cm,""Hornspäne im März, Kompost zweimal im Jahr, Fruchtbehang ausdünnen, Erziehungsschnitt"",""Apfelwickler, Apfelgespinstmotte, Mehltau, Apfelschorf"",Veredelung,Ja,Ja,Nein,Nicht heimisch";;
"4,Asiasalat,Brassica spec.,Kreuzblütler (Brassicaceae),""Sonne, Halbschatten"",""Humusreich, lehmig-sandig"",Gelb,Je nach Aussaat,10-25 cm,15-25 cm,Keine,""Kohlweißling, Kohlfliege, Erdflöhe, Schnecken"",Aussaat,Bedingt,Ja,""Nein, ungenießbar nach Blüte"",Nicht heimisch";;
"5,Aster,Aster,Korbblütler (Asteraceae),""Sonne, Halbschatten"",""Mäßig nährstoffreich, locker, kalkhaltig"",Sortenabhängig,Sortenabhängig,20-100 cm,25 cm,""Rückschnitt im März, Teilung alle paar Jahre"",""Asternwelke, Mehltau, Schnecken"",""Aussaat, Teilung"",Stauden oder Einjährige,Ungefüllte Sorten,Nein,""Vom Aussterben bedroht: A. amellus, A. linosyris""";;
"6,Astilbe,Astilbe,Steinbrechgewächse (Saxifragaceae),""Halbschatten, Schatten"",""Humusreich, feucht, nährstoffreich"",Sortenabhängig,Juni-September,50 cm,20-40 cm,""Regelmäßig Kompost, Blütenstängel im März entfernen"",""Blattläuse, Dickmaulrüssler, Nematoden, Mehltau"",Teilung,Ja,Ja,Nein,Nicht heimisch";;
"7,Aubergine,Solanum,Nachtschattengewächse (Solanaceae),Sonne,""Humusreich, locker, nährstoffreich"",Violett,Frühsommer,60-120 cm,60 cm,""Regelmäßig düngen (gering konzentriert), viel gießen"",""Blattläuse, Weiße Fliege, Grauschimmel"",Aussaat,Nein,Ja,Ja,Nicht heimisch";;
"8,Azalee,Rhododendrum luteum,Heidekrautgewächse (Ericaceae),""Sonne, Halbschatten"",""Nährstoffreich, humusreich, sauer, feucht"",Sortenabhängig,März-Mai,40-200 cm,25 cm,""Hornspäne im Mai, regelmäßig gießen, mulchen im Winter"",""Dickmaulrüssler, Spinnmilben, Mehltau"",Stecklingsvermehrung,Ja,Ja,Ja,Nicht heimisch";;
"9,Bärlauch,Allium ursinum,Zwiebelgewächse (Alliaceae),""Halbschatten, Schatten"",""Humusreich, feucht, nährstoffreich"",Weiß,April-Mai,20-30 cm,15-20 cm,Laubkompost im Herbst,Selten Rostpilze und Wühlmäuse,""Aussaat, Ausläufer"",Ja,Ja,Nein,Nicht gefährdet";;
"10,Barbarakraut,Barbarea vulgaris,Kreuzblütler (Brassicaceae),""Sonne, Halbschatten"",""Nährstoffreich, feucht"",Gelb,April-Juni,30 cm,20 cm,Keine,Erdflöhe,(Selbst-)Aussaat,Ja,Ja,Nein,Nichg gefährdet";;
"11,Basilikum,Ocimum basilicum,Lippenblütler (Lamiaceae),Sonne,""Feucht, nährstoffreich"",Violett-weiß,Je nach Aussaat,20 cm,20 cm,""Vor Blüte ernten, Stängel bei Ernte entfernen"",""Schnecken, Stängelgrundfäule"",Aussaat,Bedingt,Ja,Nein,Nicht heimisch";;
"12,Behaartes Schaumkraut,Cardamine hirsuta,Kreuzblütler (Brassicaceae),""Sonne, Halbschatten"",""Humusreich, sandig, lehmig"",Weiß,März-Juni,7-30 cm,10 cm,Keine,Keine,(Selbst-)Aussaat,Nein,Nein,Nein,Nicht gefährdet";;
"13,Blumenkohl,Brassica oleracea var. botrytis,Kreuzblütler (Brassicaceae),""Sonne, Halbschatten"",""Lehmig, tiefgründig, nährstoffreich, kalkhaltig"",Gelb,Im zweiten Jahr,20-30 cm,50 cm,""Kalk ins Pflanzloch, hacken und mulchen, viel gießen, wöchentlich Jauche"",""Kohldrehherzmücke, Kohlfliege, Kohlweißling, Kohlhernie"",Aussaat Ende Februar,Ja,Ja,Nein,Nicht heimisch";;
"14,Bockshornklee,Trigonella foenum-graecum,Hülsenfrüchtler (Fabaceae),""Sonne, Halbschatten"",""Lehmig, trocken, nährstoffarm"",Weiß-gelb,April-Juli,30-80 cm,20 cm,Keine,Unempfindlich,Aussaat,Nein,Ja,Nein,Nicht heimisch";;
"15,Bohne,Phaseolus,Hülsenfrüchtler (Fabaceae),""Sonne, Halbschatten"",""Humusreich, locker, tiefgründig"",""Violett-weiß, rot"",Je nach Aussaat,Sortenabhängig,20 cm,""Regelmäßig ernten, anhäufeln, feucht halten"",""Schnecken, Bohnenblattlaus, Grauschimmel, Bohnenrost"",Aussaat,Nein,Ja,Ja,Nicht heimisch";;
"16,Bohnenkraut,Satureja,Lippenblütler (Lamiaceae),Sonne,""Mager, leicht, kalkhaltig, trocken"",""Violett-weiß, rosa"",August-September,30-40 cm,25 cm,""Regelmäßig entspitzen, Kompost"",Unempfindlich,""Aussaat, Stecklinge, Teilung"",S. montana,Ja,Nein,Nicht heimisch";;
"17,Borretsch,Borago officinalis,Raublattgewächse (Boraginaceae),""Sonne, Halbschatten"",""Alle, nährstoffreich, eher feucht"",Violett-blau,Mai-Juli,60-100 cm,40-50 cm,Kompost,Mehltau,(Selbst-)Aussaat,Nein,Ja,Nein,Nicht heimisch";;
"18,Brennnessel,Urtica dioica,Brennnesselgewächse (Urticaceae),""Sonne, Halbschatten"",""Feucht, nährstoffreich"",""Weiß, grün"",Juli-Oktober,50-150 cm,30 cm,Keine,Keine,""Rhizom, (Selbst-)Aussaat"",Ja,Nein,Nein,Nicht gefährdet";;
"19,Brokkoli,Brassica oleracea var. italica,Kreuzblütler (Brassicaceae),Sonne,""Tiefgründig, nährstoffreich, kalkhaltig, feucht"",Gelb-grün,Je nach Pflanzung,30-40 cm,40-50 cm,Regelmäßig düngen,""Blattläuse, Kohldrehherzmücke, Kohlfliege, Kohlweißling, Kohlhernie"",Aussaat,Sortenabhängig,Ja,Nein,Nicht heimisch";;
"20,Brombeere,Rubus fruticosus,Rosengewächse (Rosaceae),Sonne,""Durchlässig, humusreich, nicht zu leicht, kalkarm"",Rosa,Juli,""Rankend, auslaufend"",300 cm,""Kompost im März, etwas Dünger bis Juli, fünf Ruten stehen lassen, alle anderen über Boden kürzen"",""Grauschimmel, Falscher Mehltau, Brombeergallmilbe"",""(Selbst-)Aussaat, Rhizom"",Ja,Ja,Nein,Gefährdete Wildarten";;
"21,Brunnenkresse,Nasturtium,Kreuzblütler (Brassicaceae),""Halbschatten, Schatten"",""Wasserpflanze (5-20 cm tief), klar"",Weiß,Mai-September,10-70 cm,15 cm,Keine,Unempfindlich,""Aussaat, Stecklinge"",Ja,Nein,Nein,Nicht heimisch";;
"22,Buche,Fagus,Buchengewächse (Fagaceae),""Sonne, Halbschatten"",""Lehmig bis sandig, durchlässig, frisch"",Braun-grün,Mai,20-30 cm,100-150 cm,""Laub im Herbst, Formschnitt"",Unempfindlich,""Stecklingsvermehrung, Senker"",Ja,Nein,Ja,Nicht gefährdet";;
"23,Buchsbaum,Buxus,Buchsbaumgewächse (Buxaceae),Halbschatten,""Lehmig, kalkhaltig, nährstoffreich"",Grün-gelb,März-April,Formabhängig,>15 cm,Formschnitt April-September,Buchsbaumzünsler,Stecklingsvermehrung,Ja,Ja,Ja,Nicht heimisch";;
"24,Chili,Capsicum spec.,Nachtschattengewächse (Solanaceae),""Sonne, hohe Luftfeuchtigkeit"",""Humusreich, tiefgründig, schwer, nährstoffreich"",Weiß,Je nach Pflanzung,Sortenabhängig,40 cm,""Alle zwei Wochen Jauche, Wasser bis Fruchtbildung"",Blattläuse,Aussaat,Nein,Ja,Ja,Nicht heimisch";;
"25,Cranberry,Vaccinium macrocarpon,Heidekrautgewächse (Ericaceae),""Sonne, Halbschatten"",""Sauer, humusreich, kalkarm, feucht"",Weiß-rosa,Spätes Frühjahr,10-20 cm,30 cm,""In ersten zwei Pflanzjahren im Frühjahr und Herbst düngen, feucht halten, im Frühjahr kräftig schneiden"",Unempfindlich,""(Selbst-)Aussaat, Stecklinge"",Mit Winterschutz,Nein,Nein,Nicht heimisch";;
"26,Dahlie,Dahlia,Korbblütler (Asteraceae),Sonne,""Tiefgründig, humusreich, nährstoffreich"",Sortenabhängig,Juli-Oktober,30-130 cm,50-80 cm,""Verblühtes entfernen, Knollen im Keller überwintern"",""Schnecken, Thripse, Wühlmäuse, Grauschimmel, Echter Mehltau, Welke"",""Teilung, Aussaat"",Nein,Ungefüllte Sorten,Nein,Nicht heimisch";;
"27,Deutzie,Deutzia,Hortensiengewächse (Hydrangeaceae),Sonne,""Feucht, nährstoffreich"",Sortenabhängig,Juni,150-200 cm,100-150 cm,""Regelmäßig gießen, Hornspäne und Kompost im Frühjahr"",Fliedermotte,Steckholz,Ja,Ja,Nein,Nicht heimisch";;
"28,Dill,Anethum graveolens,Doldelblütler (Apiaceae),""Sonne, Halbschatten"",""Feucht, mittelschwer, mager"",Gelb-weiß,Juli-August,60-100 cm,20 cm,Keine,""Blattläuse, Gurkenmosaikvirus, Fusarium-Welke"",Aussaat,Nein,Ja,Nein,Nicht heimisch";;
"29,Dreifarbige Winde,Convolvulus tricolor,Windengewächse (Convolvulaceae),""Sonne, Halbschatten"",""Humusreich, durchlässig"",""Blau, rosa, weiß"",Juni-September,20-40 cm,30 cm,Regelmäßiges Blütenentfernen verlängert Blütezeit,""Blattläuse, Weiße Fliege, Thripse"",(Selbst-)Aussaat,Nein,Ja,Ja,Nicht heimisch";;
"30,Duftwicke,Lathyrus odoratus,Hülsenfrüchtler (Fabaceae),""Sonne, Halbschatten"",""Humusreich, feucht, durchlässig"",Rosa,April-September,20-200 cm,10 cm,Regelmäßiges Blütenentfernen regt Neubildung an und verlängert Blütezeit,""Battläuse, Blattfallkrankheit"",(Selbst-)Aussaat,Nein,Ja,Ja,Stark gefährdet: L. hirsutus";;
"31,Ehrenpreis,Veronica chamaedrys,Wegerichgewächse (Plantaginaceae),Halbschatten,""Normal bis lehmig, nährstoffreich"",Blau,Mai-Juni,10-30 cm,20 cm,Keine,""Blattläuse, Schnecken"",""Rhizom, (Selbst-)Aussaat"",Ja,Ja,Nein,Nicht gefährdet";;
"32,Eisenhut,Aconitum,Hahnenfußgewächse (Ranunculaceae),Halbschatten,""Durchlässig, humusreich, nährstoffreich"",Blau,Juni-August,60-80 cm,35 cm,""Regelmäßig düngen, Stängel im Herbst entfernen, alle sechs Jahre teilen"",Unempfindlich,""Teilung, Aussaat im Januar"",Ja,Ja,Ja (giftigste Pflanze im Garten),Nicht gefährdet";;
"33,Erbse,Pisum sativum subsp. sativum,Hülsenfrüchtler (Fabaceae),Sonne,""Feinkrümelig, humusreich"",Weiß,Mai,25-200 cm,10 cm,""Hacken, mulchen, anhäufeln"",""Echter Mehltau, Erbsenkäfer, Erbsenwickler"",Aussaat,Nein,Ja,Nein,Nicht heimisch";;
"34,Erdbeere,Fragaria,Rosengewächse (Rosaceae),Sonne,""Humusreich, tiefgründig, locker, sauer"",Weiß,Sortenabhängig,Sortenabhängig,30 cm,""Laubkompost/Hornmehl/Kuhmist im Herbst, Mulch aus Stroh/Rasen, alte Blätter entfernen"",""Grauschimmel, Mehltau, Blattfleckenkrankheit, Lederfäule, Erdbeerblütenstecher, Nematoden, Milben"",""Ableger, Absenker"",Ja,Ja,Nein,Vom Aussterben bedroht: F. moschata";;
"35,Farn,Polypodium,Uneindeutig,""Halbschatten, Schatten"",""Humusreich, feucht, locker"",Keine,Keine,10-200 cm,25-100 cm,""Schnitt im Frühjahr, Kompost im Herbst"",""Spinnmilben, Trauermücken, Nematoden, Schildläuse"",""Rhizom, Sporen, Teilung"",Ja,Nein,Ja,""Gefährdet: P. interjectum), Polystichum setiferum""";;
"36,Feldsalat,Valerianella locusta,Geißblattgewächse (Caprifoliaceae),Sonne,""Nährstoffarm, kalkhaltig"",Blau,April-Mai,10 cm,8 cm,""Unkrautentfernung, rechtzeitig vereinzeln, Dünger im Frühjahr"",Falscher Mehltau,(Selbst-)Aussaat,Ja,Ja,Nein,Nicht gefährdet";;
"37,Felsenbirne,Amelanchier,Rosengewächse (Rosaceae),Sonne,""Durchlässig, schwach sauer, leicht sandig"",Weiß,April-Mai,150-500 cm,100-300 cm,""Kompost im Frühjahr, abgestorbenes Holz entfernen"",Echter Mehltau,""Aussaat, Veredelung"",Ja,Ja,Nein,Nicht gefährdet";;
"38,Fetthenne,Sedum,Dickblattgewächse (Crassulaceae),Sonne,""Trocken, steinig, sandig"",Weiß-rot,August-Oktober,60 cm,20-50 cm,Rückschnitt im Frühjahr,""Dickmaulrüssler, Echter Mehltau"",Teilung,Ja,Ja,Ja,Nicht gefährdet";;
"39,Filziges Hornkraut,Cerastium tomentosum,Nelkengewächse (Caryophyllaceae),Sonne,""Durchlässig, nährstoffarm, trocken"",Weiß,Mai-Juni,10-20 cm,25 cm,Nach Blüte Rückschnitt um ein Drittel,Unempfindlich,""Teilung, Aussaat, Stecklinge"",Ja,Ja,Nein,""Nicht gefährdet, Neophyt";" Gefährdet: C. brachypetalum, C. pumilum""";
"40,Fingerhut,Digitalis,Wegerichgewächse (Plantaginaceae),Halbschatten,""Humusreich, feucht, nährstoffreich, kalkarm"",""Rosa-violett, weiß-rosa"",Juli,80 cm,25-60 cm,""Zweijährig, Blütenstände entfernen"",Unempfindlich,(Selbst-)Aussaat,Ja,Ja,Ja,Ausgestorben: D. lutea"; Gefährdet: D. grandiflora;
"41,Fleißiges Lieschen,Impatiens walleriana,Balsaminengewächse (Balsaminaceae),""Halbschatten, Schatten"",""Humusreich, feucht, leicht sauer"",Rot,Mai-Oktober,20 cm,20-30 cm,Alle zwei Wochen düngen,""Blattläuse, Weiße Fliege, Spinnmilben"",Aussaat,Nein,Nein,Nein,Nicht heimisch";;
"42,Flieder,Syringa,Ölbaumgewächse (Oleaceae),Sonne,""Humusreich, feucht, nährstoffreich, locker"",Sortenabhängig,Sortenabhängig,300 cm,80-100 cm,Kompost im Frühjahr,Miniermotten,Stecklingsvermehrung,Ja,Sortenabhängig,Nein,""Nicht gefährdet, Neophyt""";;
"43,Flockenblume,Centaurea,Flockenblumen (Centaurea),Sonne,""Humusreich, feucht, nährstoffreich"",Sortenabhängig,Mai-Juli,50 cm,40 cm,""Blütenstände entfernen, fördert Nachblüte"",""Falscher Mehltau, Spinnmilben"",""Rhizom, Teilung, Aussaat"",Ja,Ja,Nein,Nicht gefährdet";;
44,Forsythie,Forsythia,Ölbaumgewächse (Oleaceae),Sonne,Keine Ansprüche,Gelb,April-Mai,200-300 cm,50-100 cm,Dreijährige Triebe entfernen,Unempfindlich,Stecklingsvermehrung,Ja,Nein,Schwach,Nicht heimisch;;
"45,Frauenmantel,Alchemilla vulgaris,Rosenblütler (Rosaceae),""Sonne, Halbschatten, Schatten"",""Durchlässig, nährstoffreich"",Gelb,Juni-Oktober,10-45 cm,40 cm,Keine,Unempfindlich,""Rhizom, Teilung"",Ja,Ja,Nein,""Stark gefährdet: A. lunaria, A. micans, A. subcrenata";" Gefährdet: A. filicaulis, A. vulgaris""";
"46,Fuchsie,Fuchsia x Hybrida,Nachtkerzengewächse (Onagraceae),""Sonne, Halbschatten, Schatten"",""Humusreich, nährstoffreich"",Sortenabhängig,Juli-Oktober,20-100 cm,>15 cm,""April bis August düngen";" im Frühjahr entspitzen, letztjährige Leittriebe um ein Drittel einkürzen"",""Grauschimmel, Dickmaulrüssler, Weiße Fliege, Blattläuse"",Stecklingsvermehrung,Sortenabhängig,Nein,Nein,Nicht heimisch";
"47,Funkie,Hosta,Spargelgewächse (Asparagaceae),""Halbschatten, Schatten"",""Waldboden, feucht"",Sortenabhängig,Juni-Oktober,50 cm,20-100 cm,""Kompost im Frühjahr, Schneckenkorn"",""Blattfleckenkrankheit, Chlorose, Grauschimmel, Schnecken, Dickmaulrüssler, Nematoden"",""Rhizom, Teilung"",Ja,Ja,Nein,Nicht heimisch";;
"48,Spanisches Gänseblümchen,Erigeron karvinskianus,Korbblütler (Asteraceae),Sonne,""Durchlässig, trocken"",""Weiß, rosa, rot"",Mai-September,20-30 cm,30 cm,""Verblühtes entfernen, alle zwei Wochen düngen"",Unempfindlich,(Selbst-)Aussaat,Nein,Ja,Ja,Nicht heimisch";;
"49,Gänseblümchen,Bellis perennis,Korbblütler (Asteraceae),Sonne,Nährstoffreich,Weiß,März-Oktober,4-15 cm,5 cm,Keine,Keine,""(Selbst-)Aussaat, Rhizom"",Ja,Ja,Nein,Nicht gefährdet";;
"50,Garten-Wolfsmilch,Euphorbia peplus,Wolfsmilchgewächse (Euphorbiaceae),""Sonne, Halbschatten"",""Sandig-lehmig, humusreich"",Grün,Juni-September,5-20 cm,10 cm,Keine,Unempfindlich,(Selbst-)Aussaat,Nein,Nein,Ja,Nicht gefährdet";;
"51,Geißblatt,Lonicera caprifolium (aka Jelängerjelieber),Geißblattgewächse (Caprifoliaceae),""Sonne, Halbschatten"",""Humusreich, frisch-feucht, nährstoffreich"",Gelb-weiß,Mai-August,300-400 cm,100 cm,""Ggf. kalkhaltiger Dünger im Frühjahr, Auslichtungsschnitt alle paar Jahre, Rindenmulch im Winter"",""Blattläuse, Echter Mehltau"",""Stecklinge, Aussaat"",Ja,Ja,Ja,Nicht gefährdet";;
"52,Giersch,Aegopodium podagraria,Doldenblütler (Apiaceae),""Halbschatten, Schatten"",""Feucht, nährstoffreich"",Weiß,Juni-Juli,30-100 cm,30 cm,Keine,Rostpilze,""Rhizom, (Selbst-)Aussaat"",Ja,Ja,Nein,Nicht gefährdet";;
"53,Gilbweiderich,Lysimachia punctata,Primelgewächse (Primulaceae),""Sonne, Halbschatten"",""Feucht, humusreich"",Gelb,Juni-September,50 cm,40 cm,Rückschnitt im Spätherbst,Unempfindlich,""Selbstausläufer, Teilung"",Ja,""Bedingt, Ölpflanze"",Nein,Nicht gefährdet";;
"54,Glücksklee,Oxalis tetraphylla,Sauerkleegewächse (Oxalidaceae),""Absonnig, Halbschatten"",""Sandig, humusreich"",""Rot, rosa"",April-Juni / August-Oktober,15-20 cm,10 cm,""Sparsam gießen, ab August Gießen einstellen (wenn als Zwiebel überwintert), düngen April-August"",Unempfindlich,""Teilung, Aussaat"",Nein,Ja,Ja,Nicht heimisch";;
"55,Goldmohn,Eschscholzia californica,Mohngewächse (Papaveraceae),Sonne,""Leicht, sandig-lehmig"",""Gelb, orange"",Juni-Oktober,40 cm,20-30 cm,Keine,Blattfleckenkrankheit,(Selbst-)Aussaat,Nein,Ja,Ja,Nicht heimisch";;
56,Gründüngung,NN,NN,NN,NN,NN,NN,NN,NN,NN,NN,NN,NN,NN,NN,NN;;
"57,Grünkohl,Brassica oleracea var. sabellica,Kreuzblütler (Brassicaceae),Sonne,""Humusreich, nährstoffreich, kalkhaltig"",Gelb,Im zweiten Jahr,60-80 cm,40 cm,""Rasenschnitt zum Mulchen, anhäufeln, regelmäßig düngen, Kulturnetz"",""Kohlfliege, Kohlweißling, Kohlhernie, Erdflöhe"",Aussaat sechs-acht Wochen vor Pflanzung Mitte Juli,Sortenabhängig,Nein,Nein,Nicht heimisch";;
"58,Günsel,Ajuga reptans,Lippenblütler (Lamiaceae),Halbschatten,""Humusreich, lehmig, nährstoffreich, feucht"",Blau,April-Juni,20 cm,30 cm,Keine,Mehltau,""Rhizom, (Selbst-)Aussaat"",Ja,Ja,Nein,Nicht gefährdet";;
"59,Gundermann,Glechoma hederacea,Lippenblütler (Lamiaceae),Halbschatten,""Humusreich, lehmig, nährstoffreich, feucht"",""Violett, blau"",April-Juni,10-30 cm,20 cm,Keine,Keine,""Rhizom, (Selbst-)Aussaat"",Ja,Ja,Nein,Nicht gefährdet";;
"60,Gurke,Cucumis sativus,Kürbisgewächse (Cucurbitaceae),Sonne,""Humusreich, locker, feucht"",Gelb,Je nach Pflanzung,400 cm,100-170 cm,""Mulchschicht, Kompost, verrotteter Kuhmist, Brennnesseljauche"",""Blattläuse, Weiße Fliege, Thripse, Spinnmilben, Echter Mehltau, Grauschimmel"",Aussaat,Nein,Ja,Wenn bitter,Nicht heimisch";;
"61,Hahnenfuss,Ranunculus,Hahnenfußgewächse (Ranunculaceae),""Sonne, Halbschatten"",Keine Ansprüche,Gelb,Mai-September,20-90 cm,20 cm,Keine,""Blattläuse, Mehltau"",Rhizom,Ja,Ja,Ja,Nicht gefährdet";;
"62,Heidelbeere,Vaccinium,Heidegewächse (Eriaceae),""Sonne, Halbschatten"",""Feucht, humusreich, sauer"",Weiß,Frühjahr,100 cm,100-150 cm,Spezialdünger früh und nach Blüte,Frostspanner,Stecklingsvermehrung,""Ja, Windschutz"",Ja,Nein,Nicht gefährdet";;
"63,Herzgespann,Leonurus cardiaca,Lippenblütler (Lamiaceae),""Sonne, Halbschatten"",""Humusreich, kiesig bis tonig"",Weiß-rosa,Juli-August,50 cm,30 cm,Keine,Echter Mehltau,""(Selbst-)Aussaat, Rhizom, Teilung"",Ja,Ja,Nein,Vom Aussterben bedroht: L. cardiaca ssp. cardiaca";;
"64,Himbeere,Rubus idaeus,Rosengewächse (Rosaceae),""Sonne, Halbschatten"",""Humusreich, locker, leicht sauer"",Weiß-rosa,Sortenabhängig,100-250 cm,40-50 cm,""Rankhilfe, mulchen, Kompost im Frühjahr"",""Himbeerkäfer, Blattläuse, Gallmücken"",Ausläufer,Ja,Ja,Nein,Nicht gefährdet";;
"65,Holunder,Sambucus,Moschuskrautgewächse (Adoxaceae),""Sonne, Halbschatten"",""Humusreich, frisch, stickstoffreich"",Weiß,Mai-Juli,400-600 cm,100-300 cm,Abgeerntete Triebe schneiden,Unempfindlich,Steckholz,Ja,Ja,Ja,Nicht gefährdet";;
"66,Honigbeere,Lonicera caerulea var. kamtschatica,Geißblattgewächse (Caprifoliaceae),""Sonne, Halbschatten"",""Humusreich, lehmig-torfig"",Weiß,März,100-150 cm,125-150 cm,""Schnitt wie Johannisbeeren, Kompost im Spätwinter, Mai Jauche, mulchen"",""Frostspanner, Mehltau"",Steckholz,Ja,Ja,Nein,Nicht heimisch";;
"67,Hornsauerklee,Oxalis corniculata,Sauerkleegewächse (Oxalidaceae),Halbschatten,""Humusreich, sauer, trocken"",Gelb,Mai-Oktober,5-20 cm,10 cm,Keine,""Mehltau, Thripse"",""(Selbst-)Aussaat, Wurzelausläufer"",Ja,Ja,Ja,""Nicht gefährdet, Neophyt""";;
"68,Hortensie,Hydrangea,Hortensiengewächse (Hydrangeaceae),""Halbschatten, Schatten"",""Humusreich, locker, feucht, sauer"",Sorten- und pH-abhängig,Sortenabhängig (Blütenanlage im Herbst oder am neuen Trieb),40-120 cm,80 cm,""Ausreichend Wasser, Rhododendrondünger bis Ende Juli, Rückschnitt sortenabhängig"",""Dickmaulrüssler, Blattläuse, Schnecken, Spinnmilben, Echter Mehltau, Grauschimmel"",Stecklingsvermehrung,""Ja, Winterschutz"",Nein,Ja,Nicht heimisch";;
"69,Hyazinthe,Hyacinthus,Spargelgewächse (Asparagaceae),""Sonne, Halbschatten"",""Kiesig-sandig, locker, nährstoffreich"",Sortenabhängig,März-April,15-30 cm,10-15 cm,""Blütenstände entfernen, im Sommer Keimzwiebeln entfernen und einzeln setzen"",Wühlmäuse,Zwiebeln,Ja,Ja,Ja,Nicht heimisch";;
"70,Incarvillea,Incarvillea,Trompetenbaumgewächse (Bignoniaceae),""Sonne, Halbschatten"",""Humusreich, feucht, leicht sauer"",""Weiß, rosa, pink"",Mai-Oktober,20-60 cm,40 cm,""Kompost im Herbst, Verblühtes entfernen, im Spätherbst auf 5 cm, Schneckenkorn"",Schnecken,Teilung,""Ja, Kompost"",Ja,Nein,Nicht heimisch";;
"71,Ingwer,Zingiber officinale,Ingwergewächse (Zingiberaceae),Absonnig,""Nährstoffreich, humusreich, feucht"",Violett,Mai-Oktober,60-100 cm,20 cm,Blätter gelegentlich besprühen"; im Winter kühl lagern und nicht gießen;" Ernte bei gelben Blättern,""Trauermücken, Wurzelfäule"",Rhizom,Nein,Ja,Nein,Nicht heimisch"
"72,Inkarnatklee,Trifolium incarnatum,Hülsenfrüchtler (Fabaceae),""Sonne, Halbschatten"",Lehmig-sandig,Rot,Mai-August,20-50 cm,25 cm,Keine,Unempfindlich,(Selbst-)Aussaat,Bedingt,Ja,Nein,Nicht heimisch";;
"73,Iris,Iris,Schwertliliengewächse (Iridaceae),Sonne,""Luftig, nährstoffreich, durchlässig"",Sortenabhängig,April-Juli,40-60 cm,25-40 cm,""Kaliumdünger im Frühjahr, Rückschnitt nach Blüte bis Blattpaar, verjüngen nach Jahren"",""Schnecken, Blattläuse, Blattfleckenkrankheit"",""Rhizom/Knolle, Teilung"",Ja,Sortenabhängig,Ja,Nicht gefährdet";;
"74,Jakobsleiter,Polemonium caeruleum,Sperrkrautgewächse (Polemoniaceae),Halbschatten,""Durchlässig, nährstoffreich, feucht"",Blau,Juni-Juli,60-80 cm,40 cm,""Entfernung des Blütenstands fördert Nachblüte im September, feucht halten, alle drei Jahre teilen"",""Schnecken, Mehltau"",""(Selbst-)Aussaat, Stecklinge"",Ja,Ja,Nein,Gefährdet";;
"75,Japanknöterich,Fallopia japonica,Knöterichgewächse (Polygonaceae),""Sonne, Halbschatten"",Keine Ansprüche,Weiß,August-September,300-400 cm,25 cm,Keine,Unempfindlich,Rhizom,Ja,Ja,Nein,""Nicht heimisch (Neophyt, meldepflichtig)""";;
"76,Johannisbeere,Ribes,Johannisbeeren (Grossulariaceae),""Sonne, Halbschatten"",""Tiefgründig, humusreich, nährstoffreich"",Weiß,April-Mai,200 cm,100-150 cm,""Mist im Herbst, Schnitt abhängig von Sorte"",""Johannisbeerblasenlaus, Gallmilben"",Steckhölzer,Ja,Ja,Nein,Nicht gefährdet";;
"77,Jostabeere,Ribes x nidigrolaria,Johannisbeeren (Grossulariaceae),""Sonne, Halbschatten"",""Tiefgründig, humusreich, nährstoffreich"",Weiß-rot,Frühjahr,150 cm,250-300 cm,""Rankhilfe, mulchen, Hornspäne im März, vierjährige Triebe entfernen"",Unempfindlich,Steckhölzer,Ja,Ja,Nein,Nicht heimisch";;
"78,Jungfer im Grünen,Nigella damascena,Hahnenfußgewächse (Ranunculaceae),""Sonne, Halbschatten"",""Mittelschwer, feucht, nährstoffreich"",""Blau, rosa, weiß"",Juni-September,40-50 cm,20-30 cm,""Regelmäßig gießen, ggf. düngen"",Unempfindlich,""Aussaat, zwischen März und Mai gestaffelt säen"",Nein,Ja,Ja,Nicht heimisch";;
"79,Kapkörbchen,Osteospermum,Korbblütler (Asteraceae),Sonne,Durchlässig,Sortenabhängig,Mai-September,20-40 cm,15-20 cm,""Alle zwei Wochen düngen (auch bei Blühpause), verblühte Stängel entfernen"",Blattläuse,""Aussaat, Stecklinge"",""Nein, zweijährig"",Ja,Nein,Nicht heimisch";;
"80,Kapuzinerkresse,Trapaeolum majus,Kapuzinerkressegewächse (Tropaeolaceae),""Sonne, Halbschatten"",""Humusreich, lehmig, sandig, nährstoffarm"",""Gelb, orange, rot"",Juli-Oktober,300 cm,30 cm,Keine,""Blattläuse, Kohlweißling"",(Selbst-)Aussaat,Nein,Ja,Nein,Nicht heimisch";;
"81,Karotte,Daucus carota ssp. sativus,Doldenblütler (Apiaceae),Sonne,""Sandig-lehmig, locker, steinarm"",Weiß,Je nach Pflanzung,30 cm,5 cm,""Mulchen, Unkraut entfernen"",""Nematoden, Möhrenfliege, Wühlmaus"",Aussaat,Nein,Nein,Nein,Nicht gefährdet";;
"82,Kartoffel,Solanum tuberosum,Nachtschattengewächse (Solanaceae),Sonne,""Mittelschwer, tiefgründig, nährstoffreich"",Weiß,Juni-August,100 cm,30 cm,Anhäufeln und bis zur Blüte düngen,""Kartoffelkäfer, Drahtwürmer, Blattläuse, Nematoden, Erdraupen, Schnecken"",Setzen,Nein,Ja,Ja,Nicht heimisch";;
"83,Kerbel,Anthriscus cerefolium,Doldenblütler (Apiaceae),""Halbschatten, absonnig"",""Locker, humusreich, feucht"",Weiß,Mai-August,30-60 cm,15 cm,""Verliert bei Blüte Aroma, daher absonnig und feucht"",""Blattläuse, Echter Mehltau"",(Selbst-)Aussaat,Nein,Ja,Nein,Nicht gefährdet";;
"84,Kirsche,Prunus,Rosengewächse (Rosaceae),""Sonne, Halbschatten"",""Leicht lehmig, nährstoffreich, kalkhaltig"",Weiß,Frühjahr,250-300 cm,150-200 cm (Säulen),""Nach der Ernte auf 2-3 Augen zurückschneiden, Dünger im Spätwinter/Frühjahr"",""Schrotschusskrankheit, Blattläuse, Frostspanner, Motten, Fruchtfliegen"",Keine,""Ja, spätfrostgefährdet"",Ja,Nein,Nicht gefährdet";;
"85,Kletternes Labkraut,Galium aparine,Rötegewächse (Rubiaceae),""Halbschatten, Schatten"",Nährstoffreich,Weiß,Mai-September,15-150 cm,5 cm,Keine,Mehltau,(Selbst-)Aussaat,Ja,Nein,Nein,Nicht gefährdet";;
"86,Knoblauch,Allium sativum,Amaryllisgewächse (Amaryllidaceae),""Sonne, windig"",""Humusreich, nährstoffreich, locker, Kompost beim Stecken"",Weiß-rot,Im zweiten Jahr,30-80 cm,15 cm,""Unkraut entfernen, wenig gießen"",Unempfindlich,Stecklinge,Ja,Nein,Nein,Nicht heimisch";;
"87,Knoblauchsrauke,Alliaria petiolata,Kreuzblütler (Brassicaceae),Halbschatten,""Humusreich, nährstoffreich, feucht"",Weiß,""Mai, im zweiten Jahr"",20-100 cm,20 cm,Keine,Unempfindlich,(Selbst-)Aussaat,Ja,Ja,Nein,Nicht gefährdet";;
"88,Kohl,Brassica,Kreuzblütler (Brassicaceae),Sonne,""Humusreich, nährstoffreich, tiefgründig"",Weiß,Im zweiten Jahr,Sortenabhängig,40-50 cm,""Kompost im Vorjahr, regelmäßig Jauche"",""Kohldrehherzmücke, Kohlfliege, Kohlweißling, Kohlhernie"",Aussaat,Sortenabhängig,Nein,Nein,Nicht heimisch";;
"89,Kohlrabi,Brassica oleracea var. gongylodes,Kreuzblütler (Brassicaceae),""Sonne, Halbschatten"",""Humusreich, feucht"",Weiß,Im zweiten Jahr,Sortenabhängig,25 cm,""Hacken, mulchen, alle sechs Wochen Jauche"",""Kohldrehherzmücke, Kohlfliege, Kohlweißling, Kohlhernie"",Aussaat,Ja,Nein,Nein,Nicht heimisch";;
"90,Kokarde,Gaillardia,Korbblütler (Asteraceae),Sonne,""Humusreich, nährstoffreich, durchlässig"",Sortenabhängig,Juli-Oktober,15-75 cm,30 cm,""Wöchentlicher Staudendünger, Teilung nach zwei Jahren";" Rückschnitt nach Blüte, Verwelktes entfernen"",""Schnecken, Falscher Mehltau"",""Aussaat, Teilung"",""Ja, Winterschutz"",Ja,Nein,Nicht heimisch";
"91,Kolbenspiere,""Spiraea x billardii """"Triumphans"""""",Rosengewächse (Rosaceae),""Sonne, Halbschatten"",""Sandig, frisch-feucht"",Pink,Juni-September,Formabhängig,100-200 cm,Humusgabe im Frühjahr und vor Blüte,Unempfindlich,""Stecklingsvermehrung, Wurzelausläufer"",Ja,Ja,Nein,""Nicht gefährdet, Neophyt""";;
"92,Koriander,Coriandrum sativum,Doldenblütler (Apiaceae),Sonne oder Schatten (sortenabhängig),""Durchlässig, kalkreich, locker"",Weiß,Juni-Juli,30-70 cm,15 cm,Anfänglich reichlich gießen gegen Schießen,Unempfindlich,Aussaat,Nein,Ja,Nein,Nicht heimisch";;
"93,Kornblume,Centaurea cyanus,Korbblütler (Asteraceae),Sonne,""Durchlässig, nährstoffarm"",Blau,Mai-September,40-80 cm,30-45 cm,Verblühtes entfernen,Milben,Aussaat,Nein,Ja,Nein,Nicht gefährdet";;
"94,Kratzdistel,Cirsium vulgare,Korbblütler (Asteraceae),""Sonne, Halbschatten"",""Locker, humusreich-lehmig, nährstoffreich, frisch"",Pink,Juli-Oktober,50-150 cm,30 cm,Keine,Rostpilze,(Selbst-)Aussaat,Ja,Ja,Nein,Gefährdet: C. tuberosum";;
"95,Kreppmyrte,Lagerstroemia indica (aka Flieder des Südens),Weiderichgewächse (Lythraceae),Sonne,""Humusreich, nährstoffreich, locker, gleichmäßig feucht"",Rosa-rot,Juli-September,300-700 cm,Solitär,""Regelmäßig düngen, jährlich umtopfen, Rückschnitt nach Blüte"",""Mehltau, Spinnmilben"",Stecklingsvermehrung,Nein,Ja,Nein,Nicht heimisch";;
"96,Kresse,Lepidium sativum,Kreuzblütler (Brassicaceae),""Halbschatten, Schatten"",""Humusreich, locker, feucht"",Weiß,Juni-August,30-50 cm,0 cm,Keine,""Blattläuse, Spinnmilben, Thripse, Gallmücke"",Aussaat,Nein,Nein,Nein,Nicht gefährdet";;
"97,Krokus,Crocus,Irisgewächse (Iridaceae),""Sonne, Halbschatten"",""Sandig-steinig, durchlässig"",Sortenabhängig,März,10 cm,5-7 cm,Flüssigdünger im Frühjahr,Wühlmäuse,Tochterzwiebeln,Ja,Ja,Ja,""Nicht gefährdet, Neophyt""";;
"98,Kürbis,Cucurbita,Kürbisgewächse (Cucurbitaceae),Sonne,""Humusreich, nährstoffreich, feucht"",Gelb,Je nach Pflanzung,Sortenabhängig,150-200 cm,""Kompost, Jauche"",""Echter/Falscher Mehltau, Mosaikvirus, Schnecken"",Aussaat,Nein,Ja,Wenn bitter,Nicht heimisch";;
"99,Lauch,Allium porrum,Amaryllisgewächse (Amaryllidaceae),""Sonne, Halbschatten"",""Humusreich, locker, tiefgründig"",Weiß,Im zweiten Jahr,60-80 cm,8-15 cm,""Kompost bei Pflanzung, Stroh und Vlies bei Frost, hacken und anhäufeln, Jauche"",""Lauchfliege, Zwiebelfliege, Lauchmotte, Nematoden, Papierfleckenkrankheit, Rostpilze"",""Aussaat je nach Erntezeitraum (sechs-neun Wochen), Pflanzung wenn bleistiftdick (Ende Juli für Winterlauch)"",Sortenabhängig,Nein,Nein,Nicht heimisch";;
"100,Lavendel,Lavendula angustifolia,Lippenblütler (Lamiaceae),Sonne,""Durchlässig, trocken, Sand- oder Steinböden"",Violett,Juli-September,40-50 cm,30 cm,""Kompost im Frühjahr, Rückschnitt im Frühjahr und nach Blüte"",Unempfindlich,Stecklingsvermehrung,Ja,Ja,Nein,Nicht heimisch";;
"101,Lein,Linum,Leingewächse (Linaceae),Sonne,""Humusreich, sandig-lehmig"",Rot,Juni-Oktober,40-75 cm,35-40 cm,Keine,""Mehltau, Thripse, Erdflöhe"",(Selbst-)Aussaat,Nein,Ja,Nein,Ausgestorben: L. tenuifolium";;
"102,Leinkraut,Linaria,Wegerichgewächse (Plantaginaceae),Sonne,""Durchlässig, locker"",Sortenabhängig,Mai-Oktober,20-75 cm,20 cm,Rückschnitt fördert zweiten Blütenflor,Unempfindlich,(Selbst-)Aussaat,Sortenabhängig,Ja,Nein,Ausgestorben: L. arvensis"; Stark gefährdet: L. repens (Neophyt);
"103,Liebstöckel,Levisticum officinale,Doldenblütler (Apiaceae),""Sonne, Halbschatten"",""Nährstoffreich, locker"",Grün-gelb,Im zweiten Jahr,200 cm,30 cm,""Kompost im Herbst, düngen nur bei gelben Blättern"",""Falscher Mehltau, Thripse"",""Rhizom, Aussaat"",Ja,Ja,Nein,Nicht heimisch";;
"104,Lilie,Lilium,Liliengewächse (Lilaceae),""Sonne, Halbschatten"",""Durchlässig, feucht, humusreich"",Sortenabhängig,Mai-August,30-100 cm,20-40 cm,Rückschnitt erst im Frühjahr,""Blattläuse, Lilienhähnchen, Wühlmäuse, Grauschimmel"",Knollen,Ja,Ja,Ja,Nicht gefährdet/nicht heimisch";;
"105,Limette,Citrus aurantifolia,Rautengewächse (Rotaceae),Sonne,Zitruserde,Weiß,April-Mai,100-300 cm,50 cm,""Jährlicher Schnitt, Trockenphasen einhalten, Eisendünger wöchentlich, Kübel alle zwei Monate drehen"",""Schildläuse, Spinnmilben"",Kauf,Nein,Unbekannt,Nein,Nicht heimisch";;
"106,Löwenmäulchen,Antirrhinum majus,Braunwurzgewächse (Scophulariaceae),""Sonne, Halbschatten"",""Nährstoffreich, leicht sauer"",Sortenabhängig,Juni-Oktober,50-60 cm,10-50 cm,""Triebe anfänglich auf 10 cm kürzen, wöchentlich düngen, evtl. stützen"",""Echter/Falscher Mehltau, Blattläuse, Trauermücken"",(Selbst-)Aussaat,Nein,Ja,Nein,""Nicht gefährdet, Neophyt""";;
"107,Löwenzahn,Taraxacum officinale,Korbblütler (Asteraceae),""Sonne, Halbschatten"",""Nährstoffreich, feucht, lehmig"",Gelb,April-Oktober,10-60 cm,30 cm,Keine,Rostpilze,""(Selbst-)Aussaat, Wurzelschnittlinge"",Ja,Ja,Nein,Nicht gefährdet";;
"108,Lorbeer,Laurus nobilis,Lorbeergewächse (Lauraceae),""Sonne, Halbschatten"",""Humusreich, nährstoffreich"",Weiß,März-Mai,300-1200 cm,100 cm,""Mäßig gießen, Langzeitdünger im Frühjahr, Formschnitt im Spätsommer und -winter"",Schildläuse,""Stecklinge, Wurzelschösslinge"",Nein,Nein,Nein,Nicht heimisch";;
"109,Lungenkraut,Pulmonaria officinalis,Raublattgewächse (Boraginaceae),""Absonnig, Halbschatten"",""Feucht-frisch, lehmig-humusreich"",""Rosa-violett, blau"",März-Mai,20-30 cm,15 cm,""Kompost im Frühjahr, Rückschnitt nach Blüte"",""Echter Mehltau, Blattläuse, Schnecken"",""Rhizom, Teilung, Wurzelschnittlinge"",Ja,Ja,Nein,Stark gefährdet: P. mollis ssp. mollis"; Gefährdet: P. montana;
"110,Lupine,Lupinus,Hülsenfrüchtler (Fabaceae),""Sonne, Halbschatten"",""Durchlässig, sandig bis mittelschwer"",Sortenabhängig,Juni-August,60-80 cm,50 cm,""Rückschnitt nach Blüte, alle drei Jahre teilen"",""Schnecken, Mehltau, Fusarium-Welke"",(Selbst-)Aussaat,Sortenabhängig,Ja,Ja,""Nicht gefährdet, Neophyt""";;
"111,Mädchenauge,Coreopsis,Korbblütler (Asteraceae),Sonne,""Humusreich, nährstoffreich, locker"",Gelb,Mai-Oktober,30-80 cm,30 cm,""Verblühtes entfernen, nach der Blüte bodennah zurückschneiden"",""Schnecken, Blattläuse, Mehltau"",""Aussaat, Teilung, Stecklinge"",Ja,Ja,Nein,Nicht heimisch";;
"112,Magnolie,Magnolia soulangeana,Magnoliengewächse (Magnoliaceae),""Sonne, Halbschatten"",""Humusreich, locker, feucht, sauer"",Weiß-rosa,März-April,1000-7000 cm,250-400 cm,Hornspäne/Rhododendrondünger im Frühjahr,Unempfindlich,""Stecklingsvermehrung, Absenker"",Ja,Nein,Nein,Nicht heimisch";;
"113,Mahonie,Mahonia aquifolium,Sauerdorngewächse (Berberidaceae),Halbschatten,Durchlässig,Gelb,April-Mai,100-150 cm,100 cm,Rückschnitt bei Vergreisung,Mehltau,""Aussaat, Ausläufer"",Ja,Ja,Leicht,""Nicht gefährdet, Neophyt""";;
"114,Majoran,Origanum majorana,Lippenblütler (Lamiaceae),Sonne,""Humusreich, leicht sandig, locker"",Weiß,Juli-September,50-90 cm,25 cm,Ernte vor Blüte,""Blattläuse, Schnecken, Erdraupen, Springwanzen"",Aussaat,Sortenabhängig,Ja,Nein,Nicht heimisch";;
"115,Malve,Malvae,Malvengewächse (Malvaceae),Sonne,""Humusreich, nährstoffreich, durchlässig"",Sortenabhängig,Juni-September,40-100 cm,30 cm,""über 60 cm festbinden, monatlich düngen";" im Herbst handbreit einkürzen"",Malvenrost,""(Selbst-)Aussaat, Teilung"",Mehrjährige Sorten mit Vlies abdecken,Ja,Nein,Gefährdet: Malva neglecta";
"116,Mangold,Beta vulgaris,Fuchsschwanzgewächse (Amaranthaceae),Sonne,""Humusreich, nährstoffreich, feucht"",Grün,Im zweiten Jahr,30-60 cm,30 cm,""Kompost und Hornspäne, regelmäßig hacken"",""Blattläuse, Schnecken, Raupen"",Aussaat,Sortenabhängig,Nein,Nein,Nicht heimisch";;
"117,Margerite,Leucanthemum,Korbblütler (Asteraceae),""Sonne, Halbschatten"",Keine Ansprüche,Weiß,Mai-August,60-100 cm,30-40 cm,""Viel wässern, regelmäßiger Rückschnitt"",""Blattläuse, Spinnmilben"",""(Selbst-)Aussaat, Stecklinge"",Sortenabhängig,Ja,Nein,Nicht gefährdet";;
"118,Marille,Prunus armeiaca,Rosengewächse (Rosaceae),Sonne,""Durchlässig, lehmig-sandig, humusreich"",Weiß-rosa,Frühjahr,600 cm,350 cm,Bei Bedarf stutzen,""Echter Mehltau, Schrotschusskrankheit, Frostspanner"",Aussaat,Ja,Ja,Nein,Nicht heimisch";;
"119,Maulbeere,Morus,Maulbeergewächse (Moraceae),Sonne,""Nährstoffreich, durchlässig"",Weiß-grün,Frühjahr,150 cm,200-300 cm,Mulchen im Frühjahr,Unempfindlich,Stecklingsvermehrung,""Stamm vor Frost schützen, Mulch"",Ja,Nein,Nicht heimisch";;
"120,Mittagsblume,Delosperma/Dorotheanthus,Mittagsblumengewächse (Azioaceae),Sonne,""Durchlässig, sandig, steinreich, humusarm, nährstoffarm"",Orange-violett,Mai-September,15 cm,20-30 cm,Keine,Unempflindlich,""Stecklingsvermehrung, Aussaat"",""Bedingt, Frostschutz"",Ja,Ja,Nicht heimisch";;
"121,Mohn,Papaver,Mohngewächse (Papaveraceae),Sonne,""Nährstoffreich, lehmig, mäßig trocken"",Sortenabhängig,Mai-Oktober (je nach Aussaat),80 cm,20-30 cm,Keine,""Blattläuse, Falscher Mehltau"",(Selbst-)Aussaat,Nein,Ja,Ja,Stark gefährdet: P. lecoqii";;
"122,Mutterkraut,Tenacetum parthenium,Korbblütler (Asteraceae),Sonne,""Feucht, humusreich, nährstoffreich"",Weiß,Juni-September,80 cm,50 cm,""Samenstände stehen lassen, da kurzlebig"",Schnecken,(Selbst-)Aussaat,Bedingt,Ja,Nein,Nicht gefährdet";;
"123,Nachtkerze,Oenothera biennis,Nachtkerzengewächse (Onagraceae),Sonne,""Mager, sandig-lehmig"",Gelb,Juni-September,100-200 cm,30 cm,Keine,Falscher Mehltau,(Selbst-)Aussaat,Zweijährig,Ja,Nein,""Nicht gefährdet, Neophyt""";;
"124,Narzisse,Narcissus,Amaryllisgewächse (Amaryllidaceae),""Sonne, Halbschatten"",""Durchlässig, mäßig nährstoffreich"",Gelb-orange,Februar-Mai,30-50 cm,15 cm,""Verblühtes entfernen, Rest nach Verwelken"",Narzissenfliege,Tochterzwiebeln,Ja,Ja,Ja,Nicht gefährdet";;
"125,Natternkopf,Echium plantagineum,Raublattgewächse (Boraginaceae),Sonne,""Locker, nährstoffarm"",Blau,Juli-September,40-50 cm,40 cm,Keine,Unempfindlich,(Selbst-)Aussaat,Zweijährig,Ja,Nein,Nicht gefährdet";;
"126,Nelke,Dianthus,Nelkengewächse (Caryophyllaceae),Sonne,""Locker, sandig, nährstoffarm, trocken"",Sortenabhängig,Mai-September,20-30 cm,20-30 cm,Verblühtes entfernen,""Schnecken, Blattläuse"",Stecklinge,Sortenabhängig,Sortenabhängig,Ja,""Gefährdet: D. armeria, D. carthusianorum, D. deltoides, D. superbus""";;
"127,Orangerotes Habichtskraut,Hieracium aurantiacum,Korbblütler (Asteraceae),Sonne,""Durchlässig, trocken, leicht sauer"",Orange,Juni-August,20-50 cm,10-30 cm,Keine,Unempfindlich,""Teilung, (Selbst-)Aussaat"",Ja,Schmetterlinge,Nein,Nicht gefährdet";;
"128,Oregano,Origanum vulgare,Lippenblütler (Lamiaceae),Sonne,""Mager, leicht, durchlässig"",Weiß-rot,Juli-September,40-60 cm,20-30 cm,Ernte nach Blüte,""Zikaden, Blattläuse"",""Aussaat, Wurzelausläufer, Teilung"",Ja,Ja,Nein,Nicht gefährdet";;
"129,Pampas,Cortaderia selloana,Süßgräser (Poaceae),Sonne,""Humusreich, nährstoffreich, tiefgründig"",Rosa-weiß,August-November,80-250 cm,100-150 cm,""Dünger im Frühjahr, Auf 20 cm im Frühjahr stutzen, im Herbst zusammenbinden"",Unempfindlich,Teilung,""Bedingt, Winterschutz am Boden und zusammenbinden"",Nein,Nein,Nicht heimisch";;
"130,Paprika,Capsicum annuum,Nachtschattengewächse (Solanaceae),Sonne,""Humusreich, nährstoffreich"",Weiß,Je nach Pflanzung,Sortenabhängig,40-50 cm,""Kompostgabe, Jauche bis August, viel Wasser"",""Blattläuse, Schnecken, Welke"",Aussaat,Überwinterung im Haus,Nein,Ja,Nicht heimisch";;
"131,Pastinake,Pastinaca sativa,Doldenblütler (Apiaceae),""Sonne, Halbschatten"",""Tiefgründig, lehmig-sandig, humusreich, feucht"",Gelb,""Im zweiten Jahr, Juli-September"",120 cm,10-15 cm,Hacken,Unempfindlich,""Aussaat Anfang Juni (Ernte Spätherbst), Samen sammeln"",Ja,Ja,Ja,Nicht gefährdet";;
"132,Pechnelke,Silene viscaria,Nelkengewächse (Caryophyllaceae),Sonne,""Nährstoffreich, leicht sauer, frisch, eher trocken"",Rot-rosa,Mai-Juli,30-60 cm,30 cm,""Rückschnitt der Stängel, Kompost im Frühjahr"",Unempfindlich,""Aussaat, Teilung"",Ja,Ja,Nein,Ausgestorben";;
"133,Perserklee,Trifolium resupinatum,Hülsenfrüchtler (Fabaceae),""Sonne, Halbschatten"",Feucht,""Rosa, weiß"",Juni-September,40-50 cm,10 cm,Keine,Unempfindlich,(Selbst-)Aussaat,Nein,Ja,Nein,Nicht heimisch";;
"134,Petersilie,Petroselinum crispum,Doldenblütler (Apiaceae),""Sonne, Halbschatten"",""Humusreich, durchlässig"",Gelb,""Im zweiten Jahr, Juni-Juli"",30-60 cm,5 cm,""Kompost vor Pflanzung, feucht halten"",""Blattläuse, Nematoden, Septoria-Blattfleckenkrankheit"",Aussaat,Bedingt,Ja,""Ja, im zweiten Jahr nach Blüte"",Nicht heimisch";;
"135,Petunie,Petunia,Nachtschattengewächse (Solanaceae),Sonne,""Blumenerde, sauer"",Sortenabhängig,Mai-Oktober,15-30 cm,25 cm,""Verblühtes entfernen, alle zwei Wochen düngen"",""Thripse, Weiße Fliege, Blattläuse, Schnecken"",Aussaat,Nein,Nein,Ja,Nicht heimisch";;
"136,Pfefferminze,Mentha x piperita,Lippenblütler (Lamiaceae),""Sonne, Halbschatten"",""Frisch, nährstoffreich, leicht feucht"",Weiß-violett,Juni-September,30-100 cm,30 cm,""Kompost im Frühjahr, alle drei-fünf Jahre umsetzen, ggf. Winterschutz"",""Blattläuse, Zikaden, Minzenblattkäfer, Erdflöhe"",""Aussaat, Ausläufer"",Ja,Ja,Nein,Nicht heimisch";;
"137,Pfeifenstrauch,""Philadelphus coronarius (aka Bauernjasmin, Duftjasmin)"",Hortensiengewächse (Hydrangeaceae),""Sonne, Halbschatten"",""Feucht, nährstoffreich"",Weiß,Juni-Juli,150-350 cm,60 cm,""Volldünger im Frühjahr und Juni, Schnitt nach Blüte"",Schwarze Bohnenblattlaus,Steckholz,Ja,Ungefüllte Sorten,Nein,Nicht heimisch";;
"138,Pfennigkraut,Lysimachia nummuralia,Primelgewächse (Primulaceae),""Halbschatten, Schatten"",""Humusreich, feucht"",Gelb,Mai-Juli,5-10 cm,35 cm,""Starkes Breitenwachstum, regelmäßig stutzen";" bei Trockenheit gießen"",Unempfindlich,""Selbstausläufer, Teilung"",Ja,""Bedingt, wichtige Ölpflanze"",Nein,Nicht gefährdet";
"139,Pfingstrose,Paeonia,Pfingstrosen (Paeoniaceae),""Sonne, Halbschatten"",""Humusarm, schwer, lehmig, feucht"",Rot,April-Juni,50-100 cm,100 cm,""Stützhile, alte Triebe entfernen, Hornspäne im Frühjahr, im Herbst zusammenbinden"",Unempfindlich,Teilung,Ja,Ungefüllte Sorten,Gering,Nicht heimisch";;
"140,Phacelia,Phacelia tanacetifolia,Raublattgewächse (Boraginaceae),""Sonne, Halbschatten"",Durchlässig,Blau-violett,Juni-September,60-100 cm,50 cm,Keine,Unempfindlich,(Selbst-)Aussaat,Nein,Ja,Allergieauslösend,Nicht heimisch";;
"141,Phlox,Phlox,Sperrkrautgewächse (Polemoniaceae),""Sonne, Halbschatten"",""Luftig, durchlässig, sandig, nährstoffreich"",Sortenabhängig,Mai-September,20-100 cm,20-40 cm,""Regelmäßig Kompost, drei-vier Jahre Eingewöhnungszeit am neuen Standort"",""Echter Mehltau, Nematoden, Schaumzikade"",""Aussaat, Teilung"",Sortenabhängig,Ja,Nein,Nicht heimisch";;
"142,Physalis,Physalis peruviana,Nachtschattengewächse (Solanaceae),Sonne,""Nährstoffreich, locker, feucht bei Fruchtbildung"",Gelb-schwarz,Mai-Juli,100-200 cm,80-100 cm,""Kompost beim Pflanzen, festbinden, zum Winter um zwei Drittel zurückschneiden und hell überwintern"",""Grauschimmel, Weiße Fliege"",""Aussaat, Stecklinge Anfang November"",Nein,Ja,Ja,Nicht heimisch";;
"143,Pimpinelle,Sanguisorba minor,Rosengewächse (Rosaceae),""Sonne, Halbschatten"",""Mäßig nährstoffreich, trocken"",Sortenabhängig,""Mehrfarbig, grün, rot"",30-60 cm,20 cm,""Verblühtes entfernen, regelmäßig düngen, alle zwei Jahre neu aussäen"",Blattläuse,Aussaat,Ja,Ja,Nein,Nicht gefährdet";;
"144,Postelein,Claytonia,Quellkrautgewächse (Montiaceae),""Sonne, Halbschatten"",""Durchlässig, humusreich, feucht"",Weiß,Februar-Mai,10-30 cm,15-20 cm,""Verblühtes entfernen, feucht halten"",Unempfindlich,(Selbst-)Aussaat,Ja,Nein,Nein,""Nicht gefährdet, Neophyt""";;
"145,Prachtscharte,Liatris spicata,Korbblützler (Asteraceae),Sonne,""Humusreich, nährstoffreich, feucht"",""Rosarot, purpurrosa, weiß"",Juli-September,40-90 cm,25 cm,""Drainage, alle fünf Jahre teilen, Verblühtes entfernen, Rückschnitt im Frühjahr auf 5 cm"",Wühlmäuse,""Aussaat, Teilung"",Ja,Ja,Nein,Nicht heimisch";;
"146,Preiselbeere,Vaccinium vitis-idaea,Heidekrautgewächse (Ericaceae),""Sonne, Halbschatten"",""Humusreich, feucht, sauer"",Weiß-rosa,""Mai-Juni, Juli-August"",20-40 cm,40-80 cm,Keine,Unempfindlich,""Ausläufer, Stecklinge"",Ja,Ja,Nein,Nicht heimisch";;
"147,Purpurglöckchen,Heuchera,Steinbrechgewächse (Saxifragaceae),""Halbschatten, Schatten"",""Humusreich, feucht, locker, leicht sauer"",Weiß-rosa,Mai-Juli,15-20 cm,30-40 cm,""Nach Blüte Stiele bodennah schneiden, im Februar zurückschneiden"",Dickmaulrüssler,Teilung alle drei-vier Jahre,""Ja, Reisig"",Ja,Nein,Nicht heimisch";;
"148,Purpurnessel,Lamium purpureum,Lippenblütler (Lamiaceae),""Halbschatten, Schatten"",""Humusreich, nährstoffreich"",Violett-pink,März-Oktober,10-35 cm,15 cm,Keine,Unempfindlich,(Selbst-)Aussaat,Nein,Ja,Nein,Nicht gefährdet";;
"149,Radieschen,Rephanus sativus var. sativus,Kreuzblütler (Brassicaceae),Sonne,""Humusreich, locker"",Weiß-violett,Je nach Pflanzung,20 cm,5 cm,Ausreichend Wasser,""Blattläuse, Erdflöhe, Kohlfliege"",Aussaat,Nein,Nein,""Nein, nach Blüte ungenießbar"",Nicht heimisch";;
"150,Rettich,Raphanus sativus,Kreuzblütler (Brassicaceae),Sonne,""Lehmiger Sandboden, humusreich"",Violett-weiß,Mai-Juni,Knolle,10-15 cm,""Kompost bei Aussaat, feucht halten, hacken"",""Rettichschwärze, Kohlhernie, Kohlfliegen, Erdflöhe"",Aussaat,Sortenabhängig,Ja,Nein,Nicht heimisch";;
"151,Rhabarber,Rheum rhabarbarum,Knöterichgewächse (Polygonaceae),""Sonne, Halbschatten"",""Humusreich, feucht, nährstoffreich"",Rosa-gelb,Frühjahr,100-200 cm,100 cm,""Pferdedung im März und nach Ernte, Blüten herausbrechen"",""Wühlmäuse, Blattläuse, Blattfleckenkrankheit, Falscher Mehltau"",Teilung,Ja,Ja,Ab Juni,Nicht heimisch";;
"152,Rhododendron,Rhododendron,Heidekrautgewächse (Ericaceae),Halbschatten,""Humusreich, sauer, locker, feucht"",Rosa,April-Mai,Sortenabhängig,30-100 cm,""Verblühtes entfernen, Hornspäne im Frühjahr"",""Dickmaulrüssler, Rhododendronwanze, Welke"",Ableger,Ja,Hummeln,Ja,Nicht heimisch";;
"153,Ringelblume,Calendula officinalis,Korbblütler (Asteraceae),""Sonne, Halbschatten"",""Leicht lehmig, nicht zu feucht"",""Gelb, orange"",Mai-Oktober,20-60 cm,25-30 cm,Kompost bei Beetvorbereitung,""Schnecken, Blattläuse, Minierfliegen"",(Selbst-)Aussaat,Nein,Ja,Nein,Nicht heimisch";;
"154,Rittersporn,Delphinium,Hahnenfußgewächse (Ranunculaceae),Sonne,""Leicht lehmig, humusreich, nährstoffreich"",Blau-weiß,Frühling/Spätsommer-Herbst (nach Rückschnitt),120-180 cm,60 cm,""Kompost, Rückschnitt nach Blüte, alle sechs Jahre teilen"",""Schnecken, Minierfliegen, Echter Mehltau"",""Aussaat, Teilung"",Ja,Bedingt,Ja,Gefährdet: Consolida regalis";;
"155,Romanesco,Brassica oleracea convar. botrytis var. botrytis,Kreuzblütler (Brassicaceae),Sonne,""Leicht lehmig, tiefgründig, feucht, kalkhaltig"",Gelb,Abhängig von Aussaat,30-40 cm,50 cm,""Hacken, mulchen, gelegentlich Jauche"",""Kohldrehherzmücke, Kohlfliege, Kohlweißling, Kohlhernie, Falscher Mehltau"",Aussaat,Nein,Nein,Nein,Nicht heimisch";;
"156,Rose,Rosa,Rosengewächse (Rosaceae),""Sonne, Halbschatten"",""Schwere Böden, tiefgründig, luftig"",Sortenabhängig,Sortenabhängig,Sortenabhängig,40-200 cm,Schnitt wenn Forsythien blühen,""Blattläuse, Spinnmilben, Grauschimmel"",""Aussaat, Stecklingsvermehrung"",Ja,Ungefüllte Sorten,Nein,""Ausgestorben: R. stylosa"; Stark gefährdet: R. caesia, R. micrantha;" Gefährdet: R. dumalis, R. villosa"""
"157,Rosenkohl,Brassica oleracea var. gemmifera,Kreuzblütler (Brassicaceae),""Sonne, Halbschatten"",""Schwer, humusreich, nährstoffreich, feucht"",Gelb,Im zweiten Jahr,70 cm,50-60 cm,""Hacken, Jauche, Ernte von unten nach oben nach dem ersten Frost"",""Kohldrehherzmücke, Kohlfliege, Kohlweißling, Kohlhernie, Weiße Fliege"",Aussaat,Ja,Ja,Nein,Nicht heimisch";;
"158,Rote Bete,Beta vulgaris,Fuchsschwanzgewächse (Amaranthaceae),Sonne,""Humusreich, locker, kein Mist"",Grün,Im zweiten Jahr,13 cm,10 cm,""Hacken und mulchen, alle zwei Wochen Jauche"",Unempfindlich,Aussaat,Sortenabhängig,Nein,Nein,Nicht heimisch";;
"159,Rotklee,Trifolium pratense,Hülsenfrüchtler (Fabaceae),""Sonne, Halbschatten"",""Frisch, nährstoffreich, tonig/lehmig"",Rosa,Mai-September,15-80 cm,10 cm,Keine,Unempfindlich,Ausläufer,Ja,Ja,Nein,Nicht gefährdet";;
"160,Rucola,Eruca sativa,Kreuzblütler (Brassicaceae),Sonne,""Humusreich, sandig-lehmig, feucht, nährstoffarm"",Gelb,Nach Rosettenbildung,10-50 cm,15 cm,""Keine, nach Blüte relativ scharf"",Erdflöhe,(Selbst-)Aussaat,Nein,Ja,Nein,Nicht heimisch";;
"161,Salat,Lactuca sativa,Korbblütler (Asteraceae),""Sonne, Halbschatten"",""Alle Böden, stickstoffarm"",Weiß,Je nach Aussaat,Sortenabhängig,10-30 cm,Keine,""Schnecken, Blattläuse, Wurzelbohrer"",Aussaat,Nein,Nein,Nein,Nicht heimisch";;
"162,Salbei,Salvia officinalis,Lippenblütler (Lamiaceae),Sonne,""Trocken, kalkhaltig"",Violett,Juni-August,40-80 cm,30 cm,Rückschnitt nach den Frösten,Zikaden,(Selbst-)Aussaat,""Ja, Winterschutz"",Ja,Nein,""Nicht gefährdet, Neophyten""";;
"163,Sauerampfer,Rumex acetosa,Knöterichgewächse (Polygonaceae),""Sonne, Halbschatten"",""Humusreich, locker, feucht"",Rosa,Mai-Juli,50-100 cm,25-50 cm,""Alle vier Jahre teilen, feucht halten, Brennnesseljauche"",""Blattfleckenkrankheit, Ampfer-Blattkäfer"",""(Selbst-)Aussaat, Teilung"",Ja,Ja,Ja (wenn zu wenig Licht),Nicht gefährted"; ausgestorben: R. aquaticus;
"164,Schafgarbe,Achillea,Korbblütler (Asteraceae),Sonne,""Durchlässig, leicht, sandig, nährstoffreich"",Sortenabhängig,Juni-September,10-150 cm,35 cm,""Teilung alle drei-vier Jahre, Rückschnitt regt Nachblüte an"",""Schnecken, Echter/Falscher Mehltau"",""Aussaat, Teilung"",Ja,Ja,Nein,Ausgestorben: A. nobilis";;
"165,Scharbockskraut,Ranunculus ficaria,Hahnenfußgewächse (Ranunculaceae),""Sonne, Halbschatten, Schatten"",""Feucht, durchlässig, nährstoffreich"",Gelb,April-Juni,10-20 cm,20-30 cm,Dünger im Frühjahr,Unempfindlich,Brutknollen,Ja,Ja,Ja,Nicht gefährdet";;
"166,Scheinmohn,Meconopsis cambrica,Mohngewächse (Papaveraceae),Halbschatten,""Humusreich, tiefgründig"",Gelb,Juni-September,30-60 cm,20-30 cm,""Verblühtes entfernen, Rückschnitt nach erster Blüte"",Unempfindlich,(Selbst-)Aussaat,Ja,Ja,Ja,Nicht heimisch";;
"167,Scheinsonnenhut,Echinacea purpurea,Korbblütler (Asteraceae),Sonne,""Nährstoffreich, durchlässig"",Pink,Juli-September,80-100 cm,30-40 cm,""Nach der Blüte zurückschneiden";" Kompost im Frühjahr, Brennnesseljauche"",Schnecken,""Aussaat, alle drei Jahre teilen"",Ja,Ja,Nein,Nicht heimisch";
"168,Schlehe,Prunus spinosa,Rosengewächse (Rosaceae),""Sonne, Halbschatten"",""Lehmig, kalkhaltig, nährstoffreich"",Weiß,Frühjahr,300-500 cm,200 cm,Keine,Unempfindlich,""Steckholzvermehrung, Wurzelausläufer"",Ja,Ja,Nein,Nicht gefährdet";;
"169,Schlüsselblume,Primula veris,Primelgewächse (Primulaceae),""Sonne, absonnig"",""Lehmig, kalkhaltig, tonhaltig, nährstoffreich"",Gelb,März-Mai,15-25 cm,25 cm,Keine,""Blattläuse, Schnecken, Dickmaulrüssler, Primel-Wurzellaus, Viren"",""Teilung, (Selbst-)Aussaat"",Ja,Ja,Nein,Stark gefährdet";;
"170,Schmuckkörbchen,Cosmos bipinnatus,Korbblütler (Asteraceae),""Sonne, Halbschatten"",""Feucht, locker"",""Pink, rosa, weiß"",Juli-Oktober,100 cm,30 cm,Verwelktes entfernen,""Schnecken, Mehltau, Blattläuse"",(Selbst-)Aussaat,Nein,Ja,Nein,Nicht heimisch";;
"171,Schneeball,Viburnum opulus,Moschuskrautgewächse (Adoxaceae),Sonne bis Schatten,""Humusreich, lehmig, durchlässig, frisch, kalkhaltig"",Weiß,Mai-Juni,150-400 cm,150-350 cm,""Stickstoffarmer und phosphathaltiger Dünger im Frühjahr, Auslichtungsschnitt bei Bedarf"",""Blattläuse, v.a. Überwinterungsorgan für schwarze Bohnenlaus"",""Stecklinge, Steckhölzer, Wurzelausläufer"",Ja,Ja,Ja,Nicht gefährdet";;
"172,Schneebeere,Symphoricarpos albus,Geißblattgewächse (Caprifoliaceae),""Sonne, Halbschatten"",Keine Ansprüche,Weiß-rosa,Juni-September,100-200 cm,50 cm,Keine,Unempfindlich,Rhizom,Ja,Ja,Ja,""Nicht gefährdet, Neophyt""";;
"173,Schneeglöckchen,Galanthus nivalis,Amaryllisgewächse (Amaryllidaceae),""Sonne, Halbschatten"",""Feucht, locker, humusreich"",Weiß,Januar-Mai,10 cm,15 cm,Keine,Narzissenfliege,""Aussaat, Teilung, Ameisen"",Ja,Ja,Ja,Nicht gefährdet";;
"174,Schnittlauch,Allium schoenoprasum,Amaryllisgewächse (Amaryllidaceae),""Sonne, Halbschatten"",""Humusreich, nährstoffreich, frisch"",Violett-rosa,Mai-Oktober,20-50 cm,30 cm,Rückschnitt,""Blattläuse, Rost"",""(Selbst-)Aussaat, Teilung"",Ja,Ja,Nein,Nicht gefährdet";;
"175,Schwarzwurzel,Scorzonera hispanica,Korbblütler (Asteraceae),""Sonne, Halbschatten"",""Humusreich, tiefgründig, sandig, trocken"",Gelb,""Im zweiten Jahr, Juni-Juli"",20-30 cm,10 cm,""Hacken, mit Kompost düngen, regelmäßig Gemüsedünger"",""Weißrost, Mehltau"",Aussaat Ende Februar (Blüten sammeln),Ja,Ja,Nein,Nicht heimisch";;
"176,Seidenpflaze,Asclepias tuberosa,Hundsgiftgewächse (Apocynaceae),Sonne,""Humusreich, durchlässig, trocken"",""Gelb, orange"",Juni-September,50-100 cm,50 cm,""Kompost im Frühjahr"; Verblühtes entfernen, im Frühjahr auf Handbreite;" abdecken im Winter"",Unempfindlich,""Rhizom, Teilung, (Selbst-)Aussaat, Stecklingsvermehrung"",""Ja, Schutz"",Ja,Ja,Nicht heimisch"
"177,Sellerie,Apium graveolens,Doldenblütler (Apiaceae),""Sonne, Halbschatten"",""Lehmig, nährstoffreich, feucht"",Weiß,Je nach Aussaat,60 cm,35 cm,Brennnesseljauche,""Wühlmäuse, Selleriefliege, Blattfleckenkrankheit"",Aussaat,Nein,Ja,Nach Blüte,Nicht gefährdet";;
"178,Senf,Sinapis alba,Kreuzblütler (Brassicaceae),""Sonne, Halbschatten"",""Humusreich, kalkhaltig"",Gelb,Juni-Juli,80-120 cm,10-20 cm,Gießen bei Trockenheit,""Schnecken, Erdflöhe, Weiße Fliege"",(Selbst-)Aussaat,Nein,Ja,Nein,Nicht heimisch";;
"179,Serradella,Ornithopus sativus,Hülsenfrüchtler (Fabaceae),""Sonne, Halbschatten"",Lehmig-sandig,Rosa-weiß,Juni-August,20-60 cm,25 cm,Keine,Raupen,(Selbst-)Aussaat,Nein,Ja,Nein,Nicht heimisch";;
"180,Skabiose,Scabiosa columbaria,Geißblattgewächse (Caprifoliaceae),Sonne,""Durchlässig, kalkhaltig, nährstoffarm"",Gelb,Juni-Oktober,30-70 cm,35 cm,Verblühtes entfernen,Unempfindlich,""(Selbst-)Aussaat, Teilung"",Ja,Ja,Nein,Stark gefährdet: S. columbaria ssp. pratensis";;
"181,Sonnenblume,Helianthus annuus,Korbblütler (Asteraceae),Sonne,""Humusreich, nährstoffreich, tiefgründig, feucht"",Gelb,Juli-Oktober,200 cm,50 cm,""Regelmäßig düngen, Schneckenschutz"",""Schnecken, Blattläuse, Thripse"",Aussaat,Nein,Ja,Nein,Nicht heimisch";;
"182,Sonnenbraut,Helenium,Korbblütler (Asteraceae),Sonne,""Lehmig, nährstoffreich, feucht"",""Gelb, orange, rot"",Juni-Oktober,60-140 cm,50-60 cm,""Verblühtes entfernen, im Frühjahr düngen, Staudenstütze, Mai/Juni Chelsea Chop, alle drei Jahre teilen"",Schnecken,""Aussaat, Teilung/Grundstecklinge"",Ja,Ja,Nein,Nicht heimisch";;
"183,Sonnenhut,Rudbeckia,Korbblütler (Asteraceae),Sonne,""Humusreich, nährstoffreich, feucht"",Gelb,Juli-September,70-80 cm,20-60 cm,""Ausreichend gießen, im Frühjahr zurückschneiden"",Schnecken,""Aussaat, Teilung"",Ja (Rudbeckia fulgida),Ja,Nein,""Nicht gefährdet, Neophyt""";;
"184,Spinat,Spinacia oleracea,Fuchsschwanzgewächse (Chenopodiaceae),Sonne,""Humusreich, tiefgründig, durchlässig"",Gelb-grün,Je nach Pflanzung,20-30 cm,7 cm,Kompost bei Pflanzung,Schnecken,Aussaat,Sortenabhängig,Nein,Bei zu vielen Nährstoffen und zu wenig Licht,Nicht heimisch";;
"185,Stachelbeere,Ribes uva-crispa,Johannisbeergewächse (Grossulariaceae),Halbschatten,""Durchlässig, tiefgründig, nährstoffreich, humusreich, feucht"",Weiß,Frühjahr,150 cm,150-200 cm,""Hornspäne im März, jährlicher Schnitt nach der Ernte"",""Stachelbeerwespe, -fliege, Stachelbeermehltau, Blattfallkrankheit"",Steckholzvermehrung,""Ja, spätfrostgefährdet"",Ja,Nein,Nicht gefährdet";;
"186,Staudenwicke,Lathyrus latifolius,Hülsenfrüchtler (Fabaceae),""Sonne, Halbschatten"",""Humusreich, feucht, durchlässig"",Rosa,April-September,20-200 cm,10 cm,Regelmäßiges Blütenentfernen regt Neubildung an und verlängert Blütezeit,""Battläuse, Blattfallkrankheit"",(Selbst-)Aussaat,Ja,Ja,Ja,Stark gefährdet: L. hirsutus";;
"187,Steckrübe,Brassica napus subsp. napobrassica,Kreuzblütler (Brassicaceae),""Sonne, Halbschatten"",""Humusreich, tiefgründig, feucht, lehmig"",Gelb,Im zweiten Jahr,40 cm,40 cm,Regelmäßig hacken und düngen,""Kohlhernie, Kohlweißling, Erdflöhe"",Aussaat,Bedingt,Ja,Nein,Nicht heimisch";;
"188,Sterngladiole,Gladiolus murielae,Schwertliliengewächse (Iridaceae),Sonne,""Humusreich, durchlässig, feucht, lehmig-sandig"",""Violett, weiß, braun"",Juli-September,75-100 cm,10-20 cm,""Drainage, täglich gießen, Langzeitdünger, Schnitt nach Vergilbung, Zwiebeln kühl und trocken überwintern"",""Wühlmäuse, Blattläuse"",Tochterzwiebeln,Nein,Ja,Nein,Nicht heimisch";;
"189,Sternhyazinthe,Chionodoxa luciliae,Spargelgewächse (Asparagaceae),""Sonne, Halbschatten"",""Humusreich, durchlässig"",""Blau, weiß, gelb"",Februar-April,10 cm,6 cm,Keine,Wühlmäuse,""Zwiebeln, Aussaat"",Ja,Ja,Ja,Nicht heimisch";;
"190,Stockrose,Alcea rosea,Malvengewächse (Malvaceae),""Sonne, absonnig"",""Nährstoffreich, durchlässig, trocken bis leicht feucht"",Sortenabhängig,Juli-September,180-200 cm,30 cm,""Kompost im Frühjahr, mulchen, ggf. stützen, Rückschnitt vor Samenbildung verlängert Lebenszeit"",""Malvenrost, Blattläuse, Schnecken"",Aussaat,Ja (zweijährig/kurzlebig),Ja,Nein,Nicht heimisch";;
"191,Strauchmispel,Cotoneaster dielsianus,Rosengewächse (Rosaceae),""Sonne, Halbschatten"",Anspruchslos,""Weiß, rosa"",Juni-Juli,200-300 cm,100-250 cm,Keine,Keine,Stecklinge,Ja,Ja,Nein,Nicht heimisch";;
"192,Strelitzie,Strelitzia reginae,Strelitziengewächse (Strelitziaceae),""Sonne, Halbschatten"",""Durchlässig, lehmig, nährstoffreich"",""Gelb-orange, blau"",""Sommer, je nach Überwinterung"",200 cm,100 cm,""Im Sommer alle 2-3 Wochen mit Flüssigdünger niedrig dosiert düngen, alle drei Jahre umtopfen"",""Blattläuse, Spinnmilben"",Kauf,""Nein, hell überwintern"",Nein,Nein,Nicht heimisch";;
"193,Schwarzäugige Susanne,Thunbergia alata,Akanthusgewächse (Acanthaceae),Sonne,Nährstoffreich mit Kompost/Hornspäne,""Gelb, orange, rot, rosa, weiß"",Juni-Oktober,100-150 cm,25 cm,""Früh festbinden, nach drei Wochen um ein Drittel kürzen, Verblühtes entfernen, alle zwei Wochen düngen"",""Blattläuse, Spinnmilben"",Aussaat,Nein,Ja,Nein,Nicht heimisch";;
"194,Tagetes,Tagetes,Korbblütler (Asteraceae),""Sonne, Halbschatten"",""Mittelschwer, nährstoffreich, durchlässig"",Orange-gelb,Juni-Oktober,15-60 cm,20-35 cm,""Verblühtes entfernen, düngen, feucht halten"",""Schnecken, Spinnmilben, Blattläuse"",Aussaat,Nein,Ungefüllte Sorten,Nein,Nicht heimisch";;
"195,Thymian,Thymus,Lippenblütler (Lamiaceae),Sonne,""Kalkhaltig, trocken, nährstoffarm, durchlässig"",Violett,Mai-September,10-40 cm,30 cm,Im Frühjahr kürzen,""Blattläuse, Gallmücken"",""Aussaat, Stecklinge"",Ja,Ja,Nein,Nicht gefährdet";;
"196,Tomate,Solanum lycopersicum,Nachtschattengewächse (Solanaceae),Sonne,""Humusreich, locker, nährstoffreich"",Gelb,Je nach Pflanzung,20-200 cm,50 cm,""Kompost, ausgeizen, düngen"",""Gemüseeule, Thripse, Weiße Fliege"",Aussaat,Nein,Ja,Ja,Nicht heimisch";;
"197,Topinambur,Helianthus tuberosus,Korbblütler (Asteraceae),Sonne,""Humusreich, leicht sandig, etwas kalkig"",Gelb,Juli-November,200-300 cm,50-60 cm,""Wurzelsperre, Kompost"",""Wühlmäuse, Schnecken"",""Teilung, Setzen"",Ja,Ja,Nein,""Nicht gefährdet, Neophyt""";;
"198,Traubenhyazinthe,Muscari armeniacum,Spargelgewächse (Asparagaceae),""Sonne, Halbschatten"",""Kiesig-sandig, locker, nährstoffreich"",Blau,März-Mai,15 cm,10 cm,Keine,Brandpilze,""(Selbst-)Aussaat, Zwiebeln"",Ja,Ja,Ja,Nicht heimisch (Neophyt)";;
"199,Tränendes Herz,Lamprocapnos spectabilis,Mohngewächse (Papaveraceae),Schatten,""Humusreich, feucht, kalkarm"",Rosa-weiß,April-Juni,60-80 cm,80 cm,""Alle zwei Jahre Kompost, Verblühtes entfernen, Verwelktes Schneiden/Nachblüte möglich"",""Wühlmäuse, Blattläuse"",""Teilung, Stecklingsvermehrung, Selbstaussaat"",Ja,Ja,Ja,Nicht heimisch";;
"200,Tulpe,Tulipa,Liliengewächse (Liliaceae),""Sonne, Halbschatten"",Durchlässig,Sortenabhängig,April-Mai,40-50 cm,10-15 cm,""Blüten entfernen, übersommern"",Wühlmäuse,Tochterzwiebeln,Ja,Nein,Ja,Stark gefährdet: T. sylvestris";;
"201,Vergissmeinnicht,Myosotis,Raublattgewächse (Boraginaceae),""Sonne, Halbschatten"",""Durchlässig, frisch"",Hellblau,April-Juni,20 cm,15 cm,Keine,""Blattläuse, Echter Mehltau, Grauschimmel"",(Selbst-)Aussaat,""Zweijährig, ausdauernd"",Ja,Nein,Gefährdet: M. stricta";;
"202,Vogelmiere,Stellaria media,Nelkengewächse (Caryophyllaceae),""Sonne, Halbschatten"",""Lehmig, trocken-feucht, stickstoffhaltig"",Weiß,Februar-November,10 cm,10 cm,Keine,Keine,""(Selbst-)Aussaat, Triebwurzeln"",Ja,Ja,Nein,Nicht gefährdet";;
"203,Vogelwicke,Vicia cracca,Hülsenfrüchtler (Fabaceae),""Sonne, Halbschatten"",""Humusreich, feucht, durchlässig"",Blau,Juni-August,30-100 cm,10-30 cm,Keine,Unempfindlich,""(Selbst-)Aussaat, Ausläufer"",Ja,Ja,Nein,Nicht gefährdet";;
"204,Waldgeißbart,Aruncus sylvestris,Rosengewächse (Rosaceae),""Halbschatten, Schatten"",""Humusreich, locker, frisch"",Weiß,Juni-Juli,60-80 cm,100 cm,""Samenstände im Herbst entfernen, Kompost im Herbst und Frühjahr"",Unempfindlich,""Rhizom, Selbstaussaat"",Ja,Ja,Nein,Nicht heimisch";;
"205,Waldmeister,Galium odoratum,Rotegewächse (Rubiaceae),""Halbschatten, Schatten"",""Humusreich, locker, kalkhaltig"",Weiß,April-Mai,20-30 cm,20-30 cm,""Keine, Ernte vor oder während Blüte"",Unempfindlich,""(Selbst-)Aussaat, Rhizom"",Ja,Ja,Nein,Nicht gefährdet";;
"206,Waldsauerklee,Oxalis acetosella,Sauerkleegewächse (Oxalidaceae),""Halbschatten, Schatten"",""Humusreich, frisch, feucht"",Weiß,April-Mai,8-15 cm,10 cm,Keine,Unempfindlich,""(Selbst-)Aussaat, Teilung"",Ja,Ja,Ja,Nicht gefährdet";;
"207,Weintraube,Vitis vinifera,Weinrebengewächse (Vitaceae),Sonne,Keine Ansprüche,Grün-gelb,Mai-Juli,1000 cm,100 cm,""Festbinden, Rückschnitt im Herbst, Winterschutz"",""Mehltau, Grauschimmel"",""Steckholz, Stecklinge, Ableger"",Bedingt,Nein,Nein,Nicht heimisch";;
"208,Weißdorn,Crataegus,Rosengewächse (Rosaceae),""Sonne, Halbschatten, Schatten"",""Lehmig, tonig, frisch"",Weiß,Frühjahr,100-200 cm,50 cm,Keine,""Blattläuse, Gallmilben"",Steckholzvermehrung,Ja,Ja,Nein,Nicht gefährdet";;
"209,Weißklee,Trifolium repens,Schmetterlingsblütler (Fabaceae),Sonne,""Mäßig, frisch, stickstoffhaltig"",Weiß,Mai-Oktober,5-20 cm,5-10 cm,Keine,Rostpilze,(Selbst-)Aussaat,Ja,Ja,Nein,Ausgestorben: T. fragiferum"; Vom Aussterben bedroht: T. ochroleucon; Stark gefährdet: T. aureum
"210,Wiesenschaumkraut,Cardamine pratensis,Kreuzblütler (Brassicaceae),Halbschatten,""Feucht, nährstoffreich"",Weiß-rosa,April-Juni,20-30 cm,30 cm,Keine,""Blattläuse, Schaumzikade"",""(Selbst-)Aussaat, Teilung"",Ja,Ja,Nein,Nicht gefährdet";;
211,Wildblumenwiese,NN (NN),NN (NN),Sonne,Nährstoffreich,Sortenabhängig,Mai-Oktober,30-100 cm,NN,Zweimal jährlich sensen,NN,Aussaat,Nein,Ja,Sortenabhängig,Sortenabhängig;;
"212,Wunderblume,Mirabilis jalapa,Wunderblumengewächse (Nyctaginaceae),Sonne,""Nährstoffreich, feucht, locker, tiefgründig"",""Gelb, orange, rosa, pink, rot"",Juni-Oktober,60-100 cm,50-70 cm,""Verblühtes entfernen, regelmäßig gießen und düngen, im Herbst ausgraben"",Unempfindlich,""Teilung, Stecklinge, Aussaat"",""Nein, Überwinterung im Haus"",Ja,Ja (Samen),Nicht heimisch";;
"213,Ysop,Hysoppus officinalis,Lippenblütler (Lamiaceae),Sonne,""Trocken, locker, kalkhaltig"",Violett,Juli-September,30-60 cm,35 cm,Rückschnitt nach Blüte,Unempfindlich,""Aussaat, Teilung"",Bedingt,Ja,Nein,""Unbekannt, Neophyt""";;
"214,Zaunwicke,Vicia sepium,Hülsenfrüchtler (Fabaceae),""Sonne, Halbschatten"",""Humusreich, feucht, durchlässig"",Violett,April-August,60 cm,10 cm,Keine,Unempfindlich,""(Selbst-)Aussaat, Ausläufer"",Ja,Ja,Nein,Nicht gefährdet";;
"215,Zierlauch,Allium,Amaryllisgewächse (Amaryllidaceae),Sonne,Durchlässig,Gelb,Sortenabhängig,30 cm,10-15 cm,""Volldünger im Frühjahr, Schnitt nach Verwelken"",Blattläuse,Tochterzwiebeln,""Ja, Winterschutz"",Ja,Nein,Nicht heimisch";;
216,Zierquitte,Chaenomeles,Rosengewächse (Rosaceae),Sonne,Alle Böden,Rot,März-Juni,120-150 cm,100 cm,Alle zwei Jahre zurückschneiden,Unempfindlich,Steckholzvermehrung,Ja,Ja,Nein,Nicht heimisch;;
"217,Zigeunerblume,Sparaxis,Schwertliliengewächse (Iridaceae),""Sonne, Halbschatten"",""Locker, humusreich"",""Rosa, rot, pink"",Mai-Oktober,30 cm,10 cm,""Volldünger zwei-dreimal pro Jahr, im Herbst zurückschneiden und überwintern"",Grauschimmel,Tochterzwiebeln,Nein,Ja,Ja,Nicht heimisch";;
"218,Zinnie,Zinnia,Korbblütler (Asteraceae),Sonne,""Humusarm, lehmig, steinig, mäßig trocken"",Sortenabhängig,Juli-September,80-90 cm,20-30 cm,""Kompostgabe, Verwelktes entfernen"",""Schnecken, Echter Mehltau"",Aussaat,Nein,Ja,Nein,Nicht heimisch";;
"219,Zitronenmelisse,Melissa officinalis,Lippenblütler (Lamiaceae),""Sonne, Halbschatten"",""Lehmig-sandig, durchlässig"",Weiß,Juni-August,30-90 cm,45 cm,Alle drei Wochen düngen,""Echter Mehltau, Rost, Blattläuse, Zikaden, Wanzen"",""Aussaat, Stecklingsvermehrung, Teilung"",Ja,Ja,Nein,""Nicht gefährdet, Neophyt""";;
"220,Zucchini,Cucurbita pepo subsp. pepo convar. giromontiina,Kürbisgewächse (Cucurbitaceae),""Sonne, Halbschatten"",""Locker, humusreich, nährstoffreich"",Gelb,Juni-Oktober,50 cm,150-200 cm,Wöchentlich Brennnesseljauche,""Schnecken, Blattläuse, Echter Mehltau, Minierfliegen, Thripse"",Aussaat,Nein,Ja,Wenn bitter,Nicht heimisch";;
"221,Zuckerschote,Pisum sativum saccharatum,Hülsenfrüchtler (Fabaceae),Sonne,""Humusreich, locker"",Rosa-violett,Je nach Aussaat,150 cm,5 cm,""Rankhilfe, wässern bei Trockenheit"",""Blattläuse, Erbsenkäfer, Thripse"",Aussaat,Nein,Ja,Nein,Nicht heimisch";;
"222,Zwiebel,Allium,Amaryllisgewächse (Amaryllidaceae),Sonne,Humusreich,Rosa-weiß,Im zweiten Jahr,Sortenabhängig,10x30 cm,Keine,Zwiebelfliege,""Aussaat, Legen"",Ja,Ja,Nein,Nicht heimisch";;
"223,Madeleineaster,Callistephus chinensis,Korbblütler (Asteraceae),""Sonne, Halbschatten"",""Nährstoffreich, frisch"",""Rosa, pink"",Juli-September,20-60 cm,25 cm,Verblühtes entfernen,""Asternwelke, Schnecken"",Aussaat,Nein,Ungefüllte Sorten,Nein,Nicht heimisch";;
"224,Marienglockenblume,Campanula medium,Glockenblumengewächse (Campanulaceae),""Sonne, Halbschatten"",""Nährstoffreich, frisch, locker"",""Rosa, violett, blau, weiß"",Juni-Juli,50-90 cm,30 cm,Keine,""Rost, Schnecken"",Aussaat,""Ja, Winterschutz"",Ja,Nein,Nicht heimisch";;
"225,Mais,Zea mays convar. Saccharata,Süßgräser (Poaceae),Sonne,""Humusreich, tiefgründig, nährstoffreich"",Gelb-violett,Juli-August,60-300 cm,45-90 cm,Beet unkrautfrei halten,""Vögel, Schnecken, Maiszünsler"",Aussaat,Nein,Nein,Nein,Nicht heimisch";;
"226,Vanilleblume,Heliotropium arborescens,Raublattgewächse (Boraginaceae),Sonne,""Nährstoffreich, locker"",Violett,Mai-September,20-60 cm,25 cm,""Ausreichend gießen, keine Staunässe, monatlich düngen"",""Weiße Fliege, Blattläuse"",""Aussaat, Stecklinge"",Nein,Ja,Ja,Nicht heimisch";;
"227,Johanniskraut,Hypericum perforatum,Johanniskrautgewächse (Hypericaceae),Sonne,""Durchlässig, locker"",Gelb,Juni-August,20-100 cm,30-40 cm,Ausreichend gießen,Unempfindlich,""Aussaat, Teilung"",Ja,Ja,Nein,Nicht gefährdet";;
"228,Blaukissen,Aubrieta cultorum,Kreuzblütler (Brassicaceae),Sonne,""Durchlässig, trocken, nährstoffreich, kalkhaltig"",""Violett, rosa, blau"",April-Mai,15 cm,25 cm,Rückschnitt nach Blüte,Unempfindlich,""Aussaat, Ableger, Stecklinge"",Ja,Ja,Nein,Nicht heimisch";;
"229,Steinkraut,Lobularia maritima,Kreuzblütler (Brassicaceae),Sonne,""Durchlässig, trocken, nährstoffarm, kalkhaltig"",""Gelb, weiß"",April-Juni,20-40 cm,30 cm,Rückschnitt im Herbst,Unempfindlich,""Aussaat, Stecklinge"",Ja,Ja,Nein,Nicht heimisch";;
"230,Reseda,Reseda odorata,Resedagewächse (Resedaceae),""Sonne, Halbschatten"",""Durchlässig, nährstoffreich, kalkhaltig"",Gelb-grün,Juli-September,20-60 cm,25 cm,Keine,Erdflöhe,Aussaat,Nein,Ja,Nein,Nicht heimisch";;
"231,Portulakröschen,Portulaca grandiflora,Portulakgewächse (Portulacaceae),Sonne,Einheitserde mit einem Drittel Sand,""Weiß, gelb, rot, pink, orange, violett, rosa"",Juni-August,10-15 cm,15 cm,""Wenig gießen, Verblühtes entfernen"",""Blattläuse, Thripse"",""Aussaat, Stecklinge"",Nein,Ja,Nein,Nicht heimisch";;
